1900-12,-0.62
1901-01,-0.63
1901-02,-0.63
1901-03,-0.66
1901-04,-0.65
1901-05,-0.64
1901-06,-0.67
1901-07,-0.68
1901-08,-0.66
1901-09,-0.64
1901-10,-0.61
1901-11,-0.6
1901-12,-0.6
1902-01,-0.62
1902-02,-0.63
1902-03,-0.67
1902-04,-0.69
1902-05,-0.72
1902-06,-0.71
1902-07,-0.71
1902-08,-0.71
1902-09,-0.7
1902-10,-0.72
1902-11,-0.78
1902-12,-0.8
1903-01,-0.79
1903-02,-0.84
1903-03,-0.84
1903-04,-0.83
1903-05,-0.83
1903-06,-0.8
1903-07,-0.79
1903-08,-0.79
1903-09,-0.8
1903-10,-0.78
1903-11,-0.73
1903-12,-0.71
1904-01,-0.69
1904-02,-0.65
1904-03,-0.63
1904-04,-0.61
1904-05,-0.59
1904-06,-0.6
1904-07,-0.59
1904-08,-0.58
1904-09,-0.57
1904-10,-0.58
1904-11,-0.58
1904-12,-0.59
1905-01,-0.58
1905-02,-0.59
1905-03,-0.59
1905-04,-0.61
1905-05,-0.62
1905-06,-0.63
1905-07,-0.63
1905-08,-0.64
1905-09,-0.64
1905-10,-0.65
1905-11,-0.67
1905-12,-0.68
1906-01,-0.71
1906-02,-0.71
1906-03,-0.69
1906-04,-0.69
1906-05,-0.69
1906-06,-0.68
1906-07,-0.67
1906-08,-0.67
1906-09,-0.67
1906-10,-0.66
1906-11,-0.66
1906-12,-0.65
1907-01,-0.66
1907-02,-0.64
1907-03,-0.67
1907-04,-0.64
1907-05,-0.62
1907-06,-0.61
1907-07,-0.63
1907-08,-0.64
1907-09,-0.64
1907-10,-0.63
1907-11,-0.61
1907-12,-0.61
1908-01,-0.59
1908-02,-0.62
1908-03,-0.6
1908-04,-0.62
1908-05,-0.63
1908-06,-0.64
1908-07,-0.63
1908-08,-0.62
1908-09,-0.63
1908-10,-0.64
1908-11,-0.66
1908-12,-0.67
1909-01,-0.68
1909-02,-0.68
1909-03,-0.68
1909-04,-0.68
1909-05,-0.67
1909-06,-0.66
1909-07,-0.66
1909-08,-0.67
1909-09,-0.66
1909-10,-0.65
1909-11,-0.65
1909-12,-0.63
1910-01,-0.63
1910-02,-0.62
1910-03,-0.63
1910-04,-0.63
1910-05,-0.62
1910-06,-0.62
1910-07,-0.61
1910-08,-0.6
1910-09,-0.61
1910-10,-0.61
1910-11,-0.61
1910-12,-0.61
1911-01,-0.6
1911-02,-0.62
1911-03,-0.61
1911-04,-0.61
1911-05,-0.63
1911-06,-0.64
1911-07,-0.65
1911-08,-0.65
1911-09,-0.65
1911-10,-0.65
1911-11,-0.64
1911-12,-0.65
1912-01,-0.63
1912-02,-0.61
1912-03,-0.61
1912-04,-0.61
1912-05,-0.61
1912-06,-0.6
1912-07,-0.59
1912-08,-0.6
1912-09,-0.59
1912-10,-0.59
1912-11,-0.59
1912-12,-0.6
1913-01,-0.62
1913-02,-0.62
1913-03,-0.62
1913-04,-0.61
1913-05,-0.6
1913-06,-0.6
1913-07,-0.6
1913-08,-0.6
1913-09,-0.59
1913-10,-0.58
1913-11,-0.58
1913-12,-0.58
1914-01,-0.58
1914-02,-0.59
1914-03,-0.59
1914-04,-0.59
1914-05,-0.59
1914-06,-0.59
1914-07,-0.58
1914-08,-0.57
1914-09,-0.57
1914-10,-0.58
1914-11,-0.58
1914-12,-0.56
1915-01,-0.56
1915-02,-0.56
1915-03,-0.56
1915-04,-0.56
1915-05,-0.56
1915-06,-0.56
1915-07,-0.57
1915-08,-0.56
1915-09,-0.57
1915-10,-0.57
1915-11,-0.57
1915-12,-0.57
1916-01,-0.57
1916-02,-0.56
1916-03,-0.56
1916-04,-0.56
1916-05,-0.56
1916-06,-0.55
1916-07,-0.55
1916-08,-0.56
1916-09,-0.56
1916-10,-0.56
1916-11,-0.56
1916-12,-0.57
1917-01,-0.58
1917-02,-0.57
1917-03,-0.57
1917-04,-0.58
1917-05,-0.58
1917-06,-0.58
1917-07,-0.57
1917-08,-0.57
1917-09,-0.56
1917-10,-0.55
1917-11,-0.55
1917-12,-0.53
1918-01,-0.52
1918-02,-0.52
1918-03,-0.52
1918-04,-0.52
1918-05,-0.51
1918-06,-0.52
1918-07,-0.52
1918-08,-0.52
1918-09,-0.52
1918-10,-0.52
1918-11,-0.53
1918-12,-0.55
1919-01,-0.56
1919-02,-0.57
1919-03,-0.57
1919-04,-0.58
1919-05,-0.58
1919-06,-0.58
1919-07,-0.58
1919-08,-0.58
1919-09,-0.59
1919-10,-0.6
1919-11,-0.6
1919-12,-0.59
1920-01,-0.59
1920-02,-0.6
1920-03,-0.6
1920-04,-0.6
1920-05,-0.6
1920-06,-0.6
1920-07,-0.59
1920-08,-0.59
1920-09,-0.59
1920-10,-0.59
1920-11,-0.59
1920-12,-0.59
1921-01,-0.59
1921-02,-0.59
1921-03,-0.59
1921-04,-0.59
1921-05,-0.59
1921-06,-0.59
1921-07,-0.59
1921-08,-0.59
1921-09,-0.59
1921-10,-0.58
1921-11,-0.57
1921-12,-0.56
1922-01,-0.55
1922-02,-0.55
1922-03,-0.54
1922-04,-0.54
1922-05,-0.55
1922-06,-0.54
1922-07,-0.54
1922-08,-0.53
1922-09,-0.53
1922-10,-0.54
1922-11,-0.55
1922-12,-0.55
1923-01,-0.55
1923-02,-0.56
1923-03,-0.55
1923-04,-0.55
1923-05,-0.55
1923-06,-0.55
1923-07,-0.56
1923-08,-0.56
1923-09,-0.56
1923-10,-0.56
1923-11,-0.56
1923-12,-0.56
1924-01,-0.55
1924-02,-0.56
1924-03,-0.56
1924-04,-0.56
1924-05,-0.56
1924-06,-0.55
1924-07,-0.55
1924-08,-0.55
1924-09,-0.55
1924-10,-0.56
1924-11,-0.56
1924-12,-0.55
1925-01,-0.55
1925-02,-0.54
1925-03,-0.54
1925-04,-0.54
1925-05,-0.54
1925-06,-0.54
1925-07,-0.54
1925-08,-0.53
1925-09,-0.53
1925-10,-0.52
1925-11,-0.52
1925-12,-0.52
1926-01,-0.52
1926-02,-0.53
1926-03,-0.53
1926-04,-0.54
1926-05,-0.54
1926-06,-0.54
1926-07,-0.55
1926-08,-0.55
1926-09,-0.54
1926-10,-0.55
1926-11,-0.55
1926-12,-0.55
1927-01,-0.56
1927-02,-0.55
1927-03,-0.55
1927-04,-0.55
1927-05,-0.55
1927-06,-0.55
1927-07,-0.55
1927-08,-0.54
1927-09,-0.55
1927-10,-0.55
1927-11,-0.55
1927-12,-0.55
1928-01,-0.54
1928-02,-0.54
1928-03,-0.54
1928-04,-0.54
1928-05,-0.54
1928-06,-0.54
1928-07,-0.54
1928-08,-0.54
1928-09,-0.54
1928-10,-0.54
1928-11,-0.54
1928-12,-0.54
1929-01,-0.54
1929-02,-0.54
1929-03,-0.54
1929-04,-0.54
1929-05,-0.54
1929-06,-0.53
1929-07,-0.54
1929-08,-0.54
1929-09,-0.53
1929-10,-0.53
1929-11,-0.53
1929-12,-0.53
1930-01,-0.53
1930-02,-0.53
1930-03,-0.53
1930-04,-0.53
1930-05,-0.53
1930-06,-0.53
1930-07,-0.54
1930-08,-0.54
1930-09,-0.54
1930-10,-0.54
1930-11,-0.55
1930-12,-0.55
1931-01,-0.56
1931-02,-0.56
1931-03,-0.57
1931-04,-0.56
1931-05,-0.57
1931-06,-0.57
1931-07,-0.56
1931-08,-0.56
1931-09,-0.56
1931-10,-0.56
1931-11,-0.56
1931-12,-0.56
1932-01,-0.55
1932-02,-0.55
1932-03,-0.55
1932-04,-0.56
1932-05,-0.56
1932-06,-0.55
1932-07,-0.56
1932-08,-0.56
1932-09,-0.56
1932-10,-0.55
1932-11,-0.55
1932-12,-0.55
1933-01,-0.55
1933-02,-0.55
1933-03,-0.55
1933-04,-0.55
1933-05,-0.55
1933-06,-0.55
1933-07,-0.55
1933-08,-0.55
1933-09,-0.56
1933-10,-0.56
1933-11,-0.56
1933-12,-0.56
1934-01,-0.56
1934-02,-0.56
1934-03,-0.56
1934-04,-0.56
1934-05,-0.57
1934-06,-0.57
1934-07,-0.57
1934-08,-0.57
1934-09,-0.56
1934-10,-0.57
1934-11,-0.57
1934-12,-0.58
1935-01,-0.58
1935-02,-0.58
1935-03,-0.59
1935-04,-0.59
1935-05,-0.59
1935-06,-0.59
1935-07,-0.59
1935-08,-0.59
1935-09,-0.6
1935-10,-0.59
1935-11,-0.59
1935-12,-0.59
1936-01,-0.59
1936-02,-0.59
1936-03,-0.59
1936-04,-0.59
1936-05,-0.59
1936-06,-0.59
1936-07,-0.59
1936-08,-0.59
1936-09,-0.59
1936-10,-0.59
1936-11,-0.59
1936-12,-0.59
1937-01,-0.59
1937-02,-0.6
1937-03,-0.59
1937-04,-0.59
1937-05,-0.59
1937-06,-0.59
1937-07,-0.59
1937-08,-0.59
1937-09,-0.58
1937-10,-0.58
1937-11,-0.57
1937-12,-0.57
1938-01,-0.57
1938-02,-0.57
1938-03,-0.58
1938-04,-0.58
1938-05,-0.58
1938-06,-0.58
1938-07,-0.57
1938-08,-0.57
1938-09,-0.58
1938-10,-0.58
1938-11,-0.58
1938-12,-0.58
1939-01,-0.58
1939-02,-0.57
1939-03,-0.57
1939-04,-0.56
1939-05,-0.56
1939-06,-0.56
1939-07,-0.56
1939-08,-0.56
1939-09,-0.56
1939-10,-0.56
1939-11,-0.55
1939-12,-0.55
1940-01,-0.55
1940-02,-0.55
1940-03,-0.55
1940-04,-0.55
1940-05,-0.55
1940-06,-0.55
1940-07,-0.55
1940-08,-0.55
1940-09,-0.55
1940-10,-0.55
1940-11,-0.55
1940-12,-0.56
1941-01,-0.56
1941-02,-0.56
1941-03,-0.56
1941-04,-0.57
1941-05,-0.57
1941-06,-0.57
1941-07,-0.57
1941-08,-0.57
1941-09,-0.57
1941-10,-0.56
1941-11,-0.57
1941-12,-0.56
1942-01,-0.56
1942-02,-0.56
1942-03,-0.56
1942-04,-0.56
1942-05,-0.56
1942-06,-0.56
1942-07,-0.56
1942-08,-0.56
1942-09,-0.56
1942-10,-0.56
1942-11,-0.56
1942-12,-0.56
1943-01,-0.56
1943-02,-0.56
1943-03,-0.56
1943-04,-0.56
1943-05,-0.56
1943-06,-0.56
1943-07,-0.57
1943-08,-0.57
1943-09,-0.57
1943-10,-0.57
1943-11,-0.57
1943-12,-0.57
1944-01,-0.57
1944-02,-0.58
1944-03,-0.58
1944-04,-0.58
1944-05,-0.58
1944-06,-0.58
1944-07,-0.57
1944-08,-0.57
1944-09,-0.57
1944-10,-0.57
1944-11,-0.57
1944-12,-0.57
1945-01,-0.56
1945-02,-0.55
1945-03,-0.55
1945-04,-0.55
1945-05,-0.55
1945-06,-0.54
1945-07,-0.55
1945-08,-0.55
1945-09,-0.55
1945-10,-0.54
1945-11,-0.54
1945-12,-0.54
1946-01,-0.54
1946-02,-0.54
1946-03,-0.54
1946-04,-0.54
1946-05,-0.55
1946-06,-0.55
1946-07,-0.55
1946-08,-0.55
1946-09,-0.55
1946-10,-0.55
1946-11,-0.56
1946-12,-0.56
1947-01,-0.56
1947-02,-0.56
1947-03,-0.56
1947-04,-0.55
1947-05,-0.56
1947-06,-0.56
1947-07,-0.56
1947-08,-0.55
1947-09,-0.55
1947-10,-0.55
1947-11,-0.55
1947-12,-0.54
1948-01,-0.54
1948-02,-0.54
1948-03,-0.53
1948-04,-0.53
1948-05,-0.53
1948-06,-0.53
1948-07,-0.53
1948-08,-0.52
1948-09,-0.52
1948-10,-0.52
1948-11,-0.52
1948-12,-0.52
1949-01,-0.51
1949-02,-0.51
1949-03,-0.51
1949-04,-0.51
1949-05,-0.51
1949-06,-0.51
1949-07,-0.51
1949-08,-0.51
1949-09,-0.51
1949-10,-0.51
1949-11,-0.51
1949-12,-0.51
1950-01,-0.51
1950-02,-0.51
1950-03,-0.51
1950-04,-0.51
1950-05,-0.51
1950-06,-0.51
1950-07,-0.51
1950-08,-0.51
1950-09,-0.51
1950-10,-0.52
1950-11,-0.52
1950-12,-0.52
1951-01,-0.52
1951-02,-0.52
1951-03,-0.52
1951-04,-0.52
1951-05,-0.52
1951-06,-0.52
1951-07,-0.52
1951-08,-0.52
1951-09,-0.52
1951-10,-0.52
1951-11,-0.52
1951-12,-0.52
1952-01,-0.52
1952-02,-0.52
1952-03,-0.52
1952-04,-0.53
1952-05,-0.52
1952-06,-0.52
1952-07,-0.52
1952-08,-0.52
1952-09,-0.52
1952-10,-0.52
1952-11,-0.52
1952-12,-0.52
1953-01,-0.52
1953-02,-0.51
1953-03,-0.51
1953-04,-0.51
1953-05,-0.51
1953-06,-0.5
1953-07,-0.5
1953-08,-0.5
1953-09,-0.5
1953-10,-0.5
1953-11,-0.5
1953-12,-0.5
1954-01,-0.5
1954-02,-0.51
1954-03,-0.51
1954-04,-0.51
1954-05,-0.51
1954-06,-0.51
1954-07,-0.51
1954-08,-0.51
1954-09,-0.51
1954-10,-0.51
1954-11,-0.51
1954-12,-0.51
1955-01,-0.51
1955-02,-0.51
1955-03,-0.52
1955-04,-0.52
1955-05,-0.52
1955-06,-0.52
1955-07,-0.52
1955-08,-0.52
1955-09,-0.52
1955-10,-0.52
1955-11,-0.52
1955-12,-0.52
1956-01,-0.52
1956-02,-0.51
1956-03,-0.51
1956-04,-0.51
1956-05,-0.51
1956-06,-0.51
1956-07,-0.51
1956-08,-0.51
1956-09,-0.51
1956-10,-0.51
1956-11,-0.51
1956-12,-0.51
1957-01,-0.51
1957-02,-0.52
1957-03,-0.52
1957-04,-0.52
1957-05,-0.52
1957-06,-0.52
1957-07,-0.52
1957-08,-0.52
1957-09,-0.52
1957-10,-0.52
1957-11,-0.52
1957-12,-0.52
1958-01,-0.52
1958-02,-0.52
1958-03,-0.52
1958-04,-0.52
1958-05,-0.52
1958-06,-0.52
1958-07,-0.52
1958-08,-0.52
1958-09,-0.53
1958-10,-0.53
1958-11,-0.53
1958-12,-0.52
1959-01,-0.52
1959-02,-0.52
1959-03,-0.52
1959-04,-0.51
1959-05,-0.52
1959-06,-0.52
1959-07,-0.52
1959-08,-0.52
1959-09,-0.51
1959-10,-0.51
1959-11,-0.5
1959-12,-0.5
1960-01,-0.51
1960-02,-0.51
1960-03,-0.5
1960-04,-0.5
1960-05,-0.49
1960-06,-0.49
1960-07,-0.49
1960-08,-0.48
1960-09,-0.48
1960-10,-0.48
1960-11,-0.48
1960-12,-0.48
1961-01,-0.48
1961-02,-0.48
1961-03,-0.48
1961-04,-0.48
1961-05,-0.48
1961-06,-0.48
1961-07,-0.48
1961-08,-0.48
1961-09,-0.49
1961-10,-0.49
1961-11,-0.49
1961-12,-0.49
1962-01,-0.49
1962-02,-0.49
1962-03,-0.49
1962-04,-0.49
1962-05,-0.49
1962-06,-0.49
1962-07,-0.49
1962-08,-0.49
1962-09,-0.49
1962-10,-0.48
1962-11,-0.48
1962-12,-0.48
1963-01,-0.48
1963-02,-0.47
1963-03,-0.47
1963-04,-0.47
1963-05,-0.47
1963-06,-0.47
1963-07,-0.47
1963-08,-0.47
1963-09,-0.47
1963-10,-0.47
1963-11,-0.47
1963-12,-0.46
1964-01,-0.46
1964-02,-0.46
1964-03,-0.46
1964-04,-0.46
1964-05,-0.46
1964-06,-0.46
1964-07,-0.46
1964-08,-0.46
1964-09,-0.46
1964-10,-0.46
1964-11,-0.46
1964-12,-0.46
1965-01,-0.46
1965-02,-0.46
1965-03,-0.47
1965-04,-0.47
1965-05,-0.47
1965-06,-0.47
1965-07,-0.47
1965-08,-0.47
1965-09,-0.47
1965-10,-0.47
1965-11,-0.47
1965-12,-0.47
1966-01,-0.46
1966-02,-0.46
1966-03,-0.46
1966-04,-0.46
1966-05,-0.46
1966-06,-0.46
1966-07,-0.46
1966-08,-0.46
1966-09,-0.46
1966-10,-0.46
1966-11,-0.46
1966-12,-0.46
1967-01,-0.45
1967-02,-0.46
1967-03,-0.45
1967-04,-0.45
1967-05,-0.45
1967-06,-0.45
1967-07,-0.45
1967-08,-0.45
1967-09,-0.45
1967-10,-0.45
1967-11,-0.45
1967-12,-0.45
1968-01,-0.46
1968-02,-0.45
1968-03,-0.46
1968-04,-0.46
1968-05,-0.46
1968-06,-0.46
1968-07,-0.46
1968-08,-0.46
1968-09,-0.46
1968-10,-0.46
1968-11,-0.45
1968-12,-0.45
1969-01,-0.45
1969-02,-0.45
1969-03,-0.45
1969-04,-0.45
1969-05,-0.44
1969-06,-0.44
1969-07,-0.44
1969-08,-0.44
1969-09,-0.44
1969-10,-0.44
1969-11,-0.44
1969-12,-0.45
1970-01,-0.45
1970-02,-0.44
1970-03,-0.44
1970-04,-0.44
1970-05,-0.44
1970-06,-0.44
1970-07,-0.44
1970-08,-0.44
1970-09,-0.44
1970-10,-0.44
1970-11,-0.44
1970-12,-0.43
1971-01,-0.43
1971-02,-0.43
1971-03,-0.43
1971-04,-0.44
1971-05,-0.44
1971-06,-0.44
1971-07,-0.45
1971-08,-0.45
1971-09,-0.44
1971-10,-0.45
1971-11,-0.45
1971-12,-0.45
1972-01,-0.45
1972-02,-0.46
1972-03,-0.46
1972-04,-0.46
1972-05,-0.45
1972-06,-0.45
1972-07,-0.45
1972-08,-0.44
1972-09,-0.44
1972-10,-0.43
1972-11,-0.43
1972-12,-0.43
1973-01,-0.42
1973-02,-0.42
1973-03,-0.41
1973-04,-0.4
1973-05,-0.4
1973-06,-0.4
1973-07,-0.41
1973-08,-0.4
1973-09,-0.41
1973-10,-0.41
1973-11,-0.41
1973-12,-0.41
1974-01,-0.4
1974-02,-0.4
1974-03,-0.4
1974-04,-0.4
1974-05,-0.4
1974-06,-0.4
1974-07,-0.4
1974-08,-0.4
1974-09,-0.39
1974-10,-0.39
1974-11,-0.39
1974-12,-0.39
1975-01,-0.39
1975-02,-0.39
1975-03,-0.38
1975-04,-0.38
1975-05,-0.39
1975-06,-0.39
1975-07,-0.38
1975-08,-0.39
1975-09,-0.39
1975-10,-0.39
1975-11,-0.38
1975-12,-0.38
1976-01,-0.38
1976-02,-0.38
1976-03,-0.38
1976-04,-0.38
1976-05,-0.38
1976-06,-0.38
1976-07,-0.38
1976-08,-0.38
1976-09,-0.38
1976-10,-0.38
1976-11,-0.38
1976-12,-0.38
1977-01,-0.38
1977-02,-0.38
1977-03,-0.38
1977-04,-0.38
1977-05,-0.38
1977-06,-0.38
1977-07,-0.38
1977-08,-0.38
1977-09,-0.38
1977-10,-0.38
1977-11,-0.39
1977-12,-0.38
1978-01,-0.38
1978-02,-0.38
1978-03,-0.38
1978-04,-0.38
1978-05,-0.38
1978-06,-0.38
1978-07,-0.38
1978-08,-0.38
1978-09,-0.39
1978-10,-0.38
1978-11,-0.38
1978-12,-0.38
1979-01,-0.38
1979-02,-0.38
1979-03,-0.38
1979-04,-0.38
1979-05,-0.38
1979-06,-0.38
1979-07,-0.38
1979-08,-0.37
1979-09,-0.37
1979-10,-0.37
1979-11,-0.37
1979-12,-0.37
1980-01,-0.37
1980-02,-0.38
1980-03,-0.38
1980-04,-0.38
1980-05,-0.38
1980-06,-0.37
1980-07,-0.37
1980-08,-0.37
1980-09,-0.37
1980-10,-0.37
1980-11,-0.36
1980-12,-0.36
1981-01,-0.35
1981-02,-0.35
1981-03,-0.34
1981-04,-0.34
1981-05,-0.34
1981-06,-0.34
1981-07,-0.34
1981-08,-0.34
1981-09,-0.34
1981-10,-0.35
1981-11,-0.34
1981-12,-0.34
1982-01,-0.33
1982-02,-0.33
1982-03,-0.33
1982-04,-0.33
1982-05,-0.33
1982-06,-0.33
1982-07,-0.32
1982-08,-0.32
1982-09,-0.32
1982-10,-0.31
1982-11,-0.31
1982-12,-0.31
1983-01,-0.31
1983-02,-0.31
1983-03,-0.3
1983-04,-0.3
1983-05,-0.3
1983-06,-0.3
1983-07,-0.3
1983-08,-0.3
1983-09,-0.3
1983-10,-0.3
1983-11,-0.3
1983-12,-0.31
1984-01,-0.31
1984-02,-0.31
1984-03,-0.31
1984-04,-0.31
1984-05,-0.31
1984-06,-0.31
1984-07,-0.31
1984-08,-0.31
1984-09,-0.31
1984-10,-0.31
1984-11,-0.31
1984-12,-0.3
1985-01,-0.3
1985-02,-0.29
1985-03,-0.29
1985-04,-0.29
1985-05,-0.29
1985-06,-0.29
1985-07,-0.29
1985-08,-0.3
1985-09,-0.3
1985-10,-0.3
1985-11,-0.3
1985-12,-0.3
1986-01,-0.31
1986-02,-0.31
1986-03,-0.3
1986-04,-0.3
1986-05,-0.3
1986-06,-0.3
1986-07,-0.3
1986-08,-0.29
1986-09,-0.29
1986-10,-0.29
1986-11,-0.28
1986-12,-0.27
1987-01,-0.27
1987-02,-0.27
1987-03,-0.27
1987-04,-0.26
1987-05,-0.27
1987-06,-0.26
1987-07,-0.26
1987-08,-0.26
1987-09,-0.26
1987-10,-0.26
1987-11,-0.25
1987-12,-0.25
1988-01,-0.25
1988-02,-0.25
1988-03,-0.25
1988-04,-0.25
1988-05,-0.24
1988-06,-0.24
1988-07,-0.24
1988-08,-0.25
1988-09,-0.25
1988-10,-0.24
1988-11,-0.24
1988-12,-0.24
1989-01,-0.24
1989-02,-0.23
1989-03,-0.23
1989-04,-0.23
1989-05,-0.23
1989-06,-0.22
1989-07,-0.22
1989-08,-0.22
1989-09,-0.22
1989-10,-0.22
1989-11,-0.22
1989-12,-0.22
1990-01,-0.22
1990-02,-0.22
1990-03,-0.21
1990-04,-0.21
1990-05,-0.21
1990-06,-0.21
1990-07,-0.21
1990-08,-0.21
1990-09,-0.21
1990-10,-0.21
1990-11,-0.21
1990-12,-0.22
1991-01,-0.22
1991-02,-0.22
1991-03,-0.23
1991-04,-0.24
1991-05,-0.24
1991-06,-0.24
1991-07,-0.24
1991-08,-0.24
1991-09,-0.24
1991-10,-0.24
1991-11,-0.24
1991-12,-0.23
1992-01,-0.23
1992-02,-0.23
1992-03,-0.23
1992-04,-0.22
1992-05,-0.22
1992-06,-0.22
1992-07,-0.21
1992-08,-0.21
1992-09,-0.21
1992-10,-0.21
1992-11,-0.21
1992-12,-0.21
1993-01,-0.21
1993-02,-0.21
1993-03,-0.21
1993-04,-0.21
1993-05,-0.21
1993-06,-0.21
1993-07,-0.21
1993-08,-0.21
1993-09,-0.22
1993-10,-0.22
1993-11,-0.22
1993-12,-0.22
1994-01,-0.22
1994-02,-0.22
1994-03,-0.23
1994-04,-0.22
1994-05,-0.22
1994-06,-0.22
1994-07,-0.21
1994-08,-0.21
1994-09,-0.21
1994-10,-0.2
1994-11,-0.2
1994-12,-0.2
1995-01,-0.19
1995-02,-0.19
1995-03,-0.19
1995-04,-0.2
1995-05,-0.2
1995-06,-0.2
1995-07,-0.2
1995-08,-0.21
1995-09,-0.21
1995-10,-0.21
1995-11,-0.21
1995-12,-0.22
1996-01,-0.22
1996-02,-0.21
1996-03,-0.2
1996-04,-0.2
1996-05,-0.2
1996-06,-0.2
1996-07,-0.2
1996-08,-0.2
1996-09,-0.19
1996-10,-0.19
1996-11,-0.19
1996-12,-0.19
1997-01,-0.2
1997-02,-0.21
1997-03,-0.21
1997-04,-0.22
1997-05,-0.21
1997-06,-0.22
1997-07,-0.22
1997-08,-0.21
1997-09,-0.21
1997-10,-0.21
1997-11,-0.2
1997-12,-0.19
1998-01,-0.18
1998-02,-0.17
1998-03,-0.16
1998-04,-0.15
1998-05,-0.15
1998-06,-0.15
1998-07,-0.15
1998-08,-0.15
1998-09,-0.16
1998-10,-0.15
1998-11,-0.15
1998-12,-0.15
1999-01,-0.15
1999-02,-0.15
1999-03,-0.15
1999-04,-0.15
1999-05,-0.14
1999-06,-0.13
1999-07,-0.13
1999-08,-0.12
1999-09,-0.11
1999-10,-0.11
1999-11,-0.11
1999-12,-0.1
2000-01,-0.1
2000-02,-0.1
2000-03,-0.1
2000-04,-0.11
2000-05,-0.11
2000-06,-0.11
2000-07,-0.12
2000-08,-0.12
2000-09,-0.12
2000-10,-0.13
2000-11,-0.12
2000-12,-0.12
2001-01,-0.12
2001-02,-0.11
2001-03,-0.1
2001-04,-0.09
2001-05,-0.08
2001-06,-0.07
2001-07,-0.07
2001-08,-0.07
2001-09,-0.06
2001-10,-0.06
2001-11,-0.06
2001-12,-0.06
2002-01,-0.06
2002-02,-0.07
2002-03,-0.08
2002-04,-0.08
2002-05,-0.07
2002-06,-0.07
2002-07,-0.07
2002-08,-0.06
2002-09,-0.06
2002-10,-0.05
2002-11,-0.05
2002-12,-0.05
2003-01,-0.05
2003-02,-0.04
2003-03,-0.04
2003-04,-0.05
2003-05,-0.05
2003-06,-0.05
2003-07,-0.05
2003-08,-0.05
2003-09,-0.05
2003-10,-0.06
2003-11,-0.07
2003-12,-0.06
2004-01,-0.06
2004-02,-0.06
2004-03,-0.05
2004-04,-0.05
2004-05,-0.04
2004-06,-0.04
2004-07,-0.04
2004-08,-0.04
2004-09,-0.04
2004-10,-0.03
2004-11,-0.03
2004-12,-0.03
2005-01,-0.02
2005-02,-0.02
2005-03,-0.01
2005-04,-0.01
2005-05,-0.02
2005-06,-0.02
2005-07,-0.01
2005-08,-0.01
2005-09,-0.01
2005-10,-0.0
2005-11,0.0
2005-12,0.01
2006-01,-0.0
2006-02,0.0
2006-03,0.0
2006-04,0.0
2006-05,0.0
2006-06,0.0
2006-07,-0.0
2006-08,-0.0
2006-09,-0.0
2006-10,-0.0
2006-11,-0.0
2006-12,-0.0
2007-01,0.01
2007-02,0.0
2007-03,0.0
2007-04,0.01
2007-05,0.01
2007-06,0.02
2007-07,0.02
2007-08,0.01
2007-09,0.01
2007-10,0.01
2007-11,0.01
2007-12,0.03
2008-01,0.04
2008-02,0.05
2008-03,0.07
2008-04,0.08
2008-05,0.07
2008-06,0.08
2008-07,0.09
2008-08,0.1
2008-09,0.1
2008-10,0.11
2008-11,0.11
2008-12,0.11
2009-01,0.12
2009-02,0.12
2009-03,0.11
2009-04,0.1
2009-05,0.1
2009-06,0.09
2009-07,0.09
2009-08,0.09
2009-09,0.08
2009-10,0.08
2009-11,0.08
2009-12,0.07
2010-01,0.06
2010-02,0.06
2010-03,0.06
2010-04,0.05
2010-05,0.06
2010-06,0.06
2010-07,0.05
2010-08,0.05
2010-09,0.05
2010-10,0.04
2010-11,0.03
2010-12,0.03
2011-01,0.02
2011-02,0.01
2011-03,0.01
2011-04,0.01
2011-05,0.01
2011-06,0.02
2011-07,0.03
2011-08,0.04
2011-09,0.04
2011-10,0.05
2011-11,0.06
2011-12,0.07
2012-01,0.07
2012-02,0.08
2012-03,0.08
2012-04,0.09
2012-05,0.1
2012-06,0.1
2012-07,0.1
2012-08,0.1
2012-09,0.1
2012-10,0.11
2012-11,0.11
2012-12,0.11
2013-01,0.12
2013-02,0.12
2013-03,0.12
2013-04,0.13
2013-05,0.12
2013-06,0.13
2013-07,0.13
2013-08,0.13
2013-09,0.14
2013-10,0.14
2013-11,0.14
2013-12,0.16
2014-01,0.17
2014-02,0.19
2014-03,0.19
2014-04,0.19
2014-05,0.2
2014-06,0.19
2014-07,0.19
2014-08,0.19
2014-09,0.19
2014-10,0.19
2014-11,0.19
2014-12,0.18
2015-01,0.17
2015-02,0.17
2015-03,0.17
2015-04,0.17
2015-05,0.16
2015-06,0.16
2015-07,0.16
2015-08,0.16
2015-09,0.17
2015-10,0.16
2015-11,0.16
2015-12,0.17
2016-01,0.18
2016-02,0.17
2016-03,0.17
2016-04,0.17
2016-05,0.17
2016-06,0.18
2016-07,0.19
2016-08,0.18
2016-09,0.18
2016-10,0.19
2016-11,0.19
2016-12,0.19
2017-01,0.19
2017-02,0.2
2017-03,0.2
2017-04,0.21
2017-05,0.22
2017-06,0.22
2017-07,0.22
2017-08,0.23
2017-09,0.23
2017-10,0.23
2017-11,0.25
2017-12,0.26
2018-01,0.27
2018-02,0.3
2018-03,0.31
2018-04,0.33
2018-05,0.34
2018-06,0.36
2018-07,0.37
2018-08,0.38
2018-09,0.41
2018-10,0.43
2018-11,0.45
2018-12,0.46
2019-01,0.48
2019-02,0.5
2019-03,0.52
2019-04,0.52
2019-05,0.53
2019-06,0.53
2019-07,0.53
2019-08,0.53
2019-09,0.53
2019-10,0.53
2019-11,0.52
2019-12,0.51
2020-01,0.5
2020-02,0.47
2020-03,0.45
2020-04,0.44
2020-05,0.42
2020-06,0.42
2020-07,0.42
2020-08,0.41
2020-09,0.4
2020-10,0.39
2020-11,0.4
2020-12,0.4
2021-01,0.4
2021-02,0.41
2021-03,0.42
2021-04,0.42
2021-05,0.43
2021-06,0.42
2021-07,0.42
2021-08,0.43
2021-09,0.44
2021-10,0.44
2021-11,0.44
2021-12,0.46
